方案ID,方案名称,正常蓄水位_m,装机容量_万kW,必须容量_万kW,五强溪多年平均电能_亿kWh,系统有效容量_万kW,系统有效电能_亿kWh,替代火电容量_万kW,替代火电电能_亿kWh,水电工程投资_万元,水库补偿投资_万元,防洪年效益_万元,总年费用_万元,当前比较推荐
scheme-100,方案四,100.0,84.95247706400536,66.313,38.91763433888137,66.313,38.91763433888137,0.0,0.0,113309.27677829508,24989.0,12582.88169087089,10316.167031524026,是
